Brand,Processor_Speed,RAM_Size,Storage_Capacity,Screen_Size,Weight,Price,NOTES/Conditions
Asus,3.830295706,16,512,11.18514743,2.641094425,"? 17,395.09",
Acer,2.912832959,4,1000,11.3113718,3.260012222,"? 31,607.61",
Lenovo,3.24162706,4,256,11.85302268,2.029060648,"? 9,291.02",
Acer,3.806248453,16,512,12.28036009,4.573865273,"? 17,436.73",
Acer,3.268096586,32,1000,14.99087717,4.193472033,"? 32,917.99",
HP,1.881347607,16,256,11.94395768,4.840268106,"? 9,543.72",The ideal processor speed should be above 4GHz 
Lenovo,2.9407209,32,256,11.71324635,4.344846438,"? 10,390.14",The ideal RAM size is around 12GB
Lenovo,3.016787616,4,256,15.58831485,2.941119536,"? 9,214.48",The ideal storage is 512GB
Lenovo,2.560326678,4,512,15.0263317,2.743620076,"? 16,372.18",Ideal screen size is between 13-15 inches
Acer,3.341110589,32,512,13.61194533,4.093148923,"? 18,501.83",Weight must be between 1-3kgs
Asus,3.835917537,4,1000,14.29585863,3.092338325,"? 31,967.61",Cost above 21K assures a good durable laptop
Lenovo,3.813921282,32,512,12.87190412,3.698645047,"? 18,534.11",
Acer,2.627098429,8,512,13.89500252,2.018772413,"? 17,495.98",
HP,1.783095115,16,256,14.04003589,2.185657105,"? 9,731.98",
Asus,3.962102997,8,256,13.32342363,3.606103824,"? 9,831.39",
HP,3.597245216,32,256,16.43943326,3.698214939,"? 11,038.93",
Asus,1.811656703,16,256,11.09637119,4.254358833,"? 8,971.51",
Acer,3.802104707,32,256,15.69302758,2.395895959,"? 10,915.06",
Dell,3.674740905,16,256,11.74629699,3.539549251,"? 9,637.89",
Asus,2.797095143,16,256,15.78528416,2.583342933,"? 9,593.11",
HP,2.978188589,16,1000,14.69547149,2.279588359,"? 31,965.36",
Acer,2.49750676,16,1000,16.05966855,3.231487382,"? 32,025.84",
Asus,1.636904097,32,1000,11.58508595,2.490009944,"? 32,764.27",
Dell,2.337993104,16,1000,14.3538838,2.665345935,"? 32,114.82",
Dell,3.507133621,16,256,14.00652728,2.95266374,"? 9,929.51",
Lenovo,1.511580058,8,1000,15.2371591,2.778165202,"? 31,623.81",
Lenovo,2.333747929,4,256,14.20574331,2.262773892,"? 9,264.93",
HP,2.495421734,4,1000,14.2444074,2.269748735,"? 31,549.80",
Asus,2.843489007,8,512,13.57757566,2.579748246,"? 16,729.55",
Asus,3.799639041,8,1000,12.85300654,2.151677564,"? 31,747.60",
Lenovo,2.365864986,32,1000,13.89358617,3.879371059,"? 32,817.52",
Asus,2.367383005,32,256,11.71095415,2.86198015,"? 10,605.77",
Asus,3.34375312,32,1000,16.76908003,2.839237903,"? 32,810.02",
Dell,2.630544852,8,512,15.28646458,2.995994883,"? 17,059.61",
Lenovo,2.061512057,8,256,16.7148027,3.988388823,"? 8,973.59",
Acer,2.63109879,16,256,12.36036429,4.611901644,"? 9,912.49",
Lenovo,1.852142551,32,1000,16.27604612,4.277260798,"? 32,801.65",
Acer,1.940967466,32,256,15.85273991,4.182587691,"? 10,174.20",
Dell,2.745919432,32,256,15.06291447,3.453173557,"? 10,325.36",
HP,2.547313624,4,256,14.75017512,4.081416671,"? 9,221.14",
Asus,3.787114753,16,256,12.89929799,3.658287104,"? 10,233.79",
Dell,2.405984748,32,256,15.89846471,2.648751585,"? 10,333.32",
Asus,2.951470876,32,256,14.00909277,2.625765103,"? 10,781.54",
HP,3.08066072,32,512,11.42534946,2.889176021,"? 18,167.30",
HP,1.532736141,4,1000,12.87717897,4.732408013,"? 31,381.41",
Dell,3.15884343,4,512,16.61178259,3.642244521,"? 17,124.22",
HP,1.945089917,8,256,16.10408156,4.201716131,"? 9,280.14",
Acer,3.902675794,16,256,16.89143419,3.039676279,"? 9,701.09",
HP,1.871656819,8,1000,14.7679603,3.223147312,"? 31,673.70",
Asus,2.536560309,16,512,12.48506044,2.376696736,"? 17,493.65",
Asus,1.71337417,4,1000,11.9768903,2.513884873,"? 31,339.16",
Asus,3.99218563,32,512,12.12148664,4.482069664,"? 18,495.18",
Asus,2.755487526,8,256,11.11877395,3.754515895,"? 9,140.17",
Acer,2.988462543,32,1000,13.34409267,3.012597398,"? 33,151.04",
Lenovo,1.667691193,8,1000,12.14856608,4.408553627,"? 31,612.05",
Dell,3.374901176,4,256,13.46993276,2.739559717,"? 9,081.90",
Asus,2.024763983,4,1000,16.60996659,4.928098096,"? 31,650.73",
HP,3.745135724,4,512,13.58324126,3.034452823,"? 17,076.68",
Asus,2.012849101,8,512,16.26790698,3.011932862,"? 16,983.64",
HP,1.976719302,16,512,14.6330286,2.935735717,"? 17,283.38",
HP,1.59137417,8,512,12.48278933,2.366334548,"? 16,788.67",
Asus,2.680167363,16,256,13.13512856,2.333411442,"? 10,029.58",
Acer,2.912102833,8,1000,11.50351721,3.944315104,"? 31,879.66",
HP,1.664271599,8,512,13.00077556,4.625354134,"? 17,008.99",
HP,3.438819042,4,256,15.06524567,4.371561531,"? 9,362.27",
Asus,2.633222087,32,1000,11.43266656,2.423322782,"? 33,008.90",
HP,2.810975673,32,1000,12.23240845,3.636746365,"? 32,703.61",
HP,2.601906867,16,256,13.28864625,2.316774638,"? 9,859.68",
Asus,2.501907652,32,256,16.89229722,2.135883931,"? 10,566.17",
Asus,2.899100828,8,512,15.70917094,3.969157578,"? 16,702.35",
Dell,1.888100615,8,1000,15.40092048,3.605457001,"? 31,232.36",
Acer,1.954820326,4,1000,11.69714574,2.246071056,"? 31,169.85",
Acer,3.654464053,4,256,15.68597536,2.104817739,"? 9,486.59",
HP,3.865288655,32,1000,15.71161287,4.96926924,"? 33,005.18",
Acer,2.433273291,16,512,14.60661617,2.090063996,"? 17,299.66",
HP,2.176861683,32,1000,16.94217069,3.333584759,"? 32,993.53",
Dell,3.109998858,32,256,12.95152344,3.513857074,"? 10,514.89",
Asus,2.521835428,32,256,16.64763469,2.351840443,"? 10,859.96",
Asus,1.563465889,32,512,16.48838669,2.507185335,"? 18,310.41",
Asus,1.890381493,8,512,11.06888396,3.055415019,"? 16,833.28",
Acer,3.289930572,16,1000,13.70069916,4.285027629,"? 32,339.84",
Dell,3.147309855,8,1000,16.8626254,3.521247272,"? 31,954.95",
Acer,1.567739981,16,256,11.61872817,3.913705624,"? 9,437.65",
Acer,2.054930405,4,512,14.28670817,4.955523665,"? 16,879.49",
Dell,2.077686991,32,512,16.87374504,4.304016306,"? 18,371.75",
Dell,3.179731859,8,512,14.33297254,3.303084494,"? 16,959.09",
Dell,1.549276344,16,1000,12.13889182,3.339325765,"? 31,849.95",
Dell,1.760271455,4,512,14.49309938,3.856316231,"? 16,691.85",
Asus,3.499790213,4,256,12.22664344,3.996095625,"? 9,454.45",
Lenovo,1.946361655,32,256,14.11822558,3.502132778,"? 10,327.84",
Lenovo,3.13186527,16,1000,11.44425331,3.934583668,"? 31,996.36",
Dell,2.095456953,8,1000,14.63289602,2.070597483,"? 31,624.84",
Lenovo,1.748603482,32,512,14.10073963,3.288868592,"? 18,295.12",
Lenovo,2.107930477,8,1000,15.44096821,2.836814228,"? 31,362.16",
Dell,3.30566733,4,256,14.78420283,2.387523336,"? 9,107.98",
Lenovo,3.63924117,8,512,14.29763761,2.298639538,"? 17,146.71",
Acer,3.575549661,8,256,15.1386731,3.809576497,"? 9,491.27",
HP,2.492958824,32,512,11.86365148,3.570801641,"? 17,807.04",
HP,3.170212841,8,1000,14.57215797,2.760752351,"? 32,097.52",
Dell,2.012460739,32,512,12.03266362,3.412850176,"? 18,042.96",
Asus,2.232869326,4,512,16.55313325,3.476696946,"? 16,746.85",
Dell,3.740839546,32,256,11.41000463,2.585026941,"? 11,055.05",
Asus,1.532504809,32,256,13.5822485,3.956279186,"? 10,462.14",
HP,1.713771327,16,512,15.17478487,4.342758069,"? 17,155.74",
Dell,2.019715638,8,1000,13.74813327,4.374390623,"? 31,568.08",
Acer,1.56633051,4,1000,11.55257152,3.807409492,"? 31,197.90",
Lenovo,1.953588588,32,256,14.3202741,3.534915748,"? 10,711.44",
Asus,2.957603902,4,1000,14.84979145,2.183021429,"? 31,533.20",
Lenovo,2.553561376,16,256,15.22275387,2.863493897,"? 9,478.12",
Lenovo,3.731679278,8,1000,13.23955889,2.27981434,"? 31,512.88",
Dell,3.543608904,32,512,14.38195983,4.891469483,"? 18,702.48",
Lenovo,2.354543379,8,256,13.70411885,2.405240439,"? 9,143.22",
Acer,2.148558584,16,256,15.03233623,2.45532623,"? 9,819.85",
Lenovo,2.44923102,16,512,14.5013418,4.668729855,"? 17,407.54",
Dell,2.975737356,4,256,14.15453732,4.83178485,"? 9,126.59",
Acer,2.170159102,32,1000,12.4971462,4.297487118,"? 32,689.03",
HP,3.06037227,4,1000,11.01211111,2.016214771,"? 31,828.83",
Lenovo,2.52352913,16,256,12.04449005,2.004038813,"? 9,415.94",
Dell,2.880117952,8,1000,11.70239625,3.134302309,"? 31,601.44",
HP,2.590316323,4,256,13.69450847,2.43018611,"? 9,328.96",
HP,2.236164399,4,512,14.6735489,2.055158426,"? 16,523.52",
Asus,3.871133267,8,256,12.27851005,3.392200068,"? 9,829.33",
Acer,3.409014485,4,512,16.63434258,4.829185692,"? 17,204.65",
Lenovo,1.850282939,8,1000,11.04009278,2.971458725,"? 31,515.50",
Dell,3.67116994,32,512,15.63380609,3.983422035,"? 18,366.44",
Asus,2.718577996,8,1000,14.75122862,3.956706059,"? 31,416.86",
Acer,3.736380567,32,256,13.24132881,2.753240311,"? 10,905.98",
Asus,3.49963814,8,1000,11.30293367,3.951275746,"? 32,336.20",
Acer,2.563033761,16,256,14.76491943,2.637001923,"? 9,790.71",
Acer,1.556173271,16,256,13.31368108,2.366022241,"? 9,168.64",
Lenovo,2.171693398,32,512,16.61760284,4.104149857,"? 18,277.15",
Acer,2.854085537,32,512,14.25194045,2.340322451,"? 18,464.51",
Asus,3.08369555,16,512,16.63790907,4.990727656,"? 17,376.02",
Acer,2.144719214,32,512,12.32290216,2.550357203,"? 17,980.80",
Lenovo,1.848390185,8,1000,15.35435546,3.782425588,"? 31,389.47",
Lenovo,3.587325592,8,1000,14.70349413,3.234123714,"? 31,772.92",
Asus,3.961005452,16,1000,15.43644938,2.379159267,"? 32,342.71",
HP,2.814225456,4,256,12.28800718,2.083531723,"? 8,995.59",
HP,1.929198215,8,1000,14.9899671,3.868196847,"? 31,299.79",
Acer,2.180768316,32,1000,13.98824236,4.420272691,"? 32,806.59",
Dell,1.545976691,4,1000,15.45694985,4.526046985,"? 31,236.54",
Acer,3.785747016,4,512,12.96226786,3.448140419,"? 16,954.67",
Asus,1.794377707,8,1000,16.34034215,4.332366402,"? 31,559.00",
Asus,2.941291189,8,256,11.50580789,4.0185414,"? 9,054.15",
Asus,2.185138052,4,512,15.84313591,4.172763582,"? 16,824.80",
Asus,2.885445006,4,256,16.16791775,3.477797016,"? 9,162.53",
Asus,3.128550971,16,1000,15.90351387,3.900235221,"? 32,252.68",
Lenovo,3.574354509,32,512,14.07635837,4.416577741,"? 18,492.16",
HP,2.016053179,16,256,13.63030988,3.193652527,"? 9,850.11",
Asus,1.527489572,8,1000,16.97757372,4.417936703,"? 31,521.46",
Dell,1.842214075,16,256,12.37503171,3.776050528,"? 9,771.53",
Dell,3.750046605,16,256,14.2812558,2.497703073,"? 9,926.27",
Dell,3.684725194,16,256,15.02405315,2.074052472,"? 9,941.85",
Dell,2.993532755,16,1000,15.20520582,3.088260801,"? 32,153.74",
Lenovo,3.001292151,32,1000,12.22414799,3.640088985,"? 33,063.17",
Dell,3.162591686,32,256,14.92396455,4.519461057,"? 10,791.99",
Asus,1.938428197,4,512,15.9102174,2.38245704,"? 16,769.08",
Acer,3.786029865,8,512,11.30011146,4.400619043,"? 16,953.65",
Dell,2.546926312,16,1000,16.46912776,4.589027138,"? 32,215.49",
Lenovo,2.457846321,4,1000,11.17702433,2.452062461,"? 31,218.31",
Lenovo,2.797294263,4,1000,13.13582619,4.554782958,"? 31,293.45",
Dell,1.617414917,4,1000,11.09487918,4.974360704,"? 30,967.94",
Acer,1.915708422,32,1000,11.46287101,4.180516493,"? 32,653.96",
Dell,3.345084041,16,512,16.46700971,4.354309045,"? 17,857.16",
Lenovo,1.70699667,16,1000,13.12916498,4.983245803,"? 31,661.08",
HP,3.007880274,8,256,13.54862918,3.816443752,"? 9,750.10",
Asus,2.113372774,16,256,12.29206629,2.923659146,"? 9,801.24",
Lenovo,2.473239035,16,512,14.58257462,4.512592502,"? 17,108.25",
Dell,2.221734342,4,256,14.56881929,3.843457333,"? 9,000.73",
Asus,2.389181791,8,512,13.23320235,3.743586271,"? 16,757.01",
Dell,3.297614763,16,512,12.99820923,2.760906667,"? 17,684.87",
Dell,2.242804289,32,256,16.30978585,4.269002809,"? 10,314.43",
HP,2.916011601,16,1000,13.29970544,2.245001828,"? 31,802.52",
Asus,2.690126005,4,256,13.96100595,4.772861212,"? 9,084.37",
Asus,3.159177913,32,256,12.69982857,2.977470382,"? 10,869.94",
HP,3.842074348,4,512,15.72061702,2.383323958,"? 17,080.49",
Lenovo,3.331430243,16,256,13.38468894,3.327099599,"? 9,960.40",
Dell,2.037350946,32,512,14.08166628,2.127409728,"? 18,215.28",
Acer,1.577957838,8,1000,12.52014302,4.053878583,"? 31,123.00",
Dell,2.155660111,8,1000,16.92595755,4.708116531,"? 31,442.70",
Dell,2.987694827,32,1000,12.74897445,4.511789021,"? 32,908.69",
Lenovo,1.628564534,32,256,15.62445519,2.38210842,"? 10,282.91",
Dell,2.740915618,4,512,13.5649739,2.378813411,"? 17,196.59",
HP,2.992107122,32,1000,12.23730443,4.440303447,"? 32,653.10",
HP,2.335609727,4,512,15.79831258,4.772762824,"? 16,613.51",
Asus,3.427280509,16,512,13.00164073,3.38200949,"? 17,629.78",
Acer,1.766495633,4,1000,16.19116008,3.496913351,"? 31,216.57",
Dell,1.687844454,32,1000,16.49154311,2.954786124,"? 32,159.49",
Dell,3.320471891,32,512,16.15894301,4.682795355,"? 18,787.38",
Lenovo,2.738728291,16,1000,11.21004749,3.934708716,"? 31,817.74",
HP,3.221005991,32,512,15.72424007,2.864754732,"? 18,502.22",
Acer,2.587068347,32,512,13.4680368,2.896348613,"? 17,967.13",
Asus,2.116005083,8,1000,16.24233752,4.673600219,"? 31,428.70",
HP,3.547755794,8,256,14.82772558,2.040902072,"? 9,241.11",
Asus,3.498539697,16,1000,16.0018588,2.968179718,"? 32,141.82",
Lenovo,3.236741177,4,256,13.99659062,3.663070044,"? 9,141.79",
Lenovo,2.180362843,8,512,14.21015303,2.444652386,"? 16,929.32",
Dell,2.975576667,4,512,11.86632579,2.276296263,"? 16,795.17",
Acer,2.402434742,32,256,15.70392415,4.445828993,"? 10,241.80",
Asus,1.728955183,8,512,13.51633767,4.683213166,"? 16,724.51",
HP,3.793283939,16,256,14.00048071,4.470819262,"? 10,263.36",
Lenovo,1.842046577,16,256,15.71058628,4.696363669,"? 9,881.34",
Dell,3.875593385,16,512,14.5930724,3.659335913,"? 17,781.52",
Dell,2.615014432,8,256,12.20659236,4.436774363,"? 9,435.39",
Asus,1.962832322,4,1000,14.54139595,3.152127915,"? 31,764.04",
Lenovo,2.854752368,32,1000,13.44579715,3.998803584,"? 33,014.13",
Acer,3.68236459,4,512,13.81715325,4.966506594,"? 17,151.99",
Lenovo,3.330562216,4,512,11.16986765,2.677183172,"? 16,609.82",
Asus,3.51640287,32,256,12.2601761,3.169699239,"? 10,474.26",
Asus,3.146958417,32,256,12.68622849,3.440142132,"? 10,622.18",
Lenovo,3.230691411,8,256,15.27776005,2.414046461,"? 9,346.06",
Asus,3.622989129,8,256,11.06895484,2.243115831,"? 9,303.95",
Lenovo,2.124170022,8,1000,13.45266357,4.489168599,"? 31,372.50",
HP,2.723562409,8,1000,16.54416122,4.930383118,"? 31,441.58",
Lenovo,2.053023605,8,512,11.6712837,3.214175191,"? 16,713.61",
Lenovo,3.96917002,32,256,14.09854633,2.262949509,"? 10,901.06",
Asus,3.860148349,4,256,15.71913429,2.197435282,"? 9,803.70",
Asus,1.598567028,8,512,16.65518785,4.673954619,"? 17,025.47",
Dell,3.263937931,8,256,15.48065984,3.391442749,"? 9,635.72",
Dell,3.813120794,4,256,15.32339329,2.96008195,"? 9,094.78",
HP,1.951438363,8,256,15.95892854,3.429383814,"? 9,279.03",
Dell,2.919863076,4,256,13.67720733,2.954912284,"? 9,194.58",
Lenovo,3.788720744,4,256,15.8350672,3.467107326,"? 9,477.92",
Asus,1.584864946,32,512,11.04778643,4.578669191,"? 17,880.00",
Dell,3.243550668,16,256,16.54736633,3.776904113,"? 10,254.30",
Dell,2.243372518,32,512,13.65983906,4.083961318,"? 18,151.59",
HP,3.810990488,16,256,14.32028113,3.094012029,"? 10,027.71",
HP,3.927645613,16,1000,12.52929349,4.215517636,"? 31,901.47",
Lenovo,3.860666223,16,1000,15.455185,3.999851255,"? 32,319.90",
Asus,2.685535542,8,1000,11.45981484,2.358685993,"? 31,872.57",
HP,3.655106627,32,1000,16.23581482,3.717928559,"? 33,229.67",
Dell,3.611373496,16,512,15.96870097,2.770230489,"? 17,242.83",
Asus,2.297751183,4,512,12.2963607,4.412287009,"? 16,631.42",
Asus,3.572288685,8,256,15.85594639,3.277813125,"? 9,925.18",
Dell,1.592519087,32,1000,15.7181464,4.984052496,"? 32,652.90",
HP,2.990674696,16,512,14.79329959,2.277501314,"? 17,595.71",
Dell,2.075022093,4,256,13.24112106,4.341043588,"? 9,340.22",
Asus,1.801417214,32,256,12.62899253,4.021105201,"? 10,321.73",
Acer,1.692383004,32,512,12.39070154,4.302496492,"? 18,161.47",
Acer,3.24072194,8,1000,12.91165378,2.922589386,"? 31,859.43",
Lenovo,2.349687409,32,256,16.42135066,3.476163468,"? 10,668.63",
Dell,3.311916929,8,1000,11.46584466,4.389525559,"? 31,823.65",
Dell,1.663390852,16,1000,15.97322766,2.697623995,"? 31,815.64",
Lenovo,2.288225845,8,1000,13.09334045,2.67809959,"? 31,503.17",
Lenovo,2.848728231,4,256,14.12959638,3.65315286,"? 9,024.89",
Lenovo,3.476807912,8,1000,15.7669138,3.570690739,"? 31,547.05",
Asus,2.296881257,4,256,16.30625928,2.846787411,"? 9,385.94",
Dell,3.064728441,8,1000,13.06868852,2.894226952,"? 31,747.39",
Asus,3.714944371,32,256,13.77106089,2.83353549,"? 11,008.91",
Lenovo,3.03965797,16,1000,13.48709639,4.314536186,"? 32,447.60",
Dell,2.082398687,4,512,11.0795062,3.955702597,"? 16,669.20",
Asus,1.561001954,8,1000,12.77565733,4.49725155,"? 31,160.04",
Asus,3.675247185,8,1000,13.7551354,4.926419085,"? 31,821.65",
Lenovo,1.553173527,8,256,13.46656165,3.422492889,"? 8,991.51",
Dell,3.686754182,32,256,15.33157537,2.200081644,"? 10,405.95",
Lenovo,2.822342835,32,1000,13.3088217,2.144276931,"? 32,808.86",
Dell,3.847669246,4,512,13.93625869,2.886995118,"? 17,065.08",
Acer,3.496958089,4,512,13.57765155,4.797633768,"? 16,854.30",
HP,3.994835276,32,256,15.44375689,3.569639165,"? 10,697.84",
HP,2.376779539,4,512,16.17783439,2.815359548,"? 16,575.25",
HP,3.417970722,16,1000,14.19133447,3.197500384,"? 32,274.63",
Lenovo,2.504827284,16,256,15.73659317,3.795785322,"? 10,131.59",
Acer,2.699689051,32,1000,12.78072009,3.958848974,"? 33,111.69",
Dell,3.068763658,4,256,14.24821766,2.461758529,"? 9,384.82",
Asus,3.684192785,8,256,13.07137972,4.93109503,"? 9,664.04",
Dell,3.960208673,16,256,13.48520555,3.634316681,"? 9,978.87",
Asus,3.420683535,32,256,15.39448319,2.407064953,"? 10,387.05",
Dell,2.544416955,4,512,16.28997489,4.68090576,"? 16,773.99",
Acer,2.553392506,32,1000,11.72897235,2.223915293,"? 32,629.16",
Asus,3.343955754,8,1000,14.80783554,4.7232063,"? 31,848.66",
Lenovo,2.096942864,16,1000,14.49286285,4.989696969,"? 32,205.99",
Dell,1.776185283,32,256,11.71049024,4.101295397,"? 10,723.12",
Dell,2.386555394,32,512,12.27136598,4.311341663,"? 18,152.55",
Asus,2.218097479,32,1000,12.86601497,3.011908509,"? 32,437.39",
Lenovo,2.240770301,8,512,12.00158642,4.824730558,"? 16,912.47",
Lenovo,2.084019378,32,256,12.4623769,3.589141898,"? 10,428.13",
Acer,1.605232974,8,1000,12.60560479,4.19716534,"? 31,566.96",
Lenovo,1.544684837,8,512,13.014043,4.772323148,"? 16,777.66",
Lenovo,3.969305974,8,256,15.49634272,4.925539928,"? 9,647.84",
Lenovo,2.569432834,16,512,14.43147322,4.49961307,"? 17,291.11",
HP,2.460816618,16,1000,16.91748003,2.909052521,"? 32,039.04",
Acer,3.199118207,32,1000,13.48841496,4.89964255,"? 33,063.24",
Dell,2.04563472,32,256,15.52319044,3.884358594,"? 10,059.05",
Asus,3.87490296,16,256,16.22881053,4.791927429,"? 9,968.18",
Dell,3.465862536,4,256,15.07387096,4.028315077,"? 9,471.95",
Acer,1.723527506,16,512,13.47118844,2.921716886,"? 17,573.06",
Asus,2.543951939,8,512,15.52156778,3.110073572,"? 16,968.45",
Acer,3.697795769,16,512,12.22200283,3.651415331,"? 17,844.56",
Lenovo,3.861830056,8,256,12.96531299,4.370044525,"? 9,905.98",
Asus,2.668503778,32,1000,14.28011153,2.953947654,"? 32,812.69",
Lenovo,3.033528473,4,1000,14.45245632,3.739193498,"? 31,446.72",
Dell,1.917584865,32,512,11.13284885,3.036874981,"? 17,999.39",
Dell,3.977921565,8,512,16.67068513,4.447308214,"? 17,328.13",
Asus,2.079179253,8,1000,15.17976363,3.400184281,"? 31,803.59",
Asus,3.856829435,8,1000,13.9742225,2.230168481,"? 31,773.80",
Acer,3.124116622,4,512,16.59876341,2.498157564,"? 17,299.43",
Acer,3.019341987,16,512,13.63457339,2.183314003,"? 17,354.58",
Lenovo,2.781721278,32,1000,16.88261342,3.497908838,"? 32,706.13",
Asus,2.076674529,32,256,14.07370854,2.319011892,"? 10,558.37",
Dell,1.94132008,16,512,11.68571462,2.342419908,"? 17,504.67",
Acer,2.051215523,32,1000,15.58880583,4.82314478,"? 32,809.52",
Acer,1.966095655,4,1000,15.07338635,4.617965217,"? 31,435.52",
Dell,3.448961184,32,1000,15.63792033,3.35625979,"? 33,459.85",
Acer,2.375313148,8,1000,16.70865217,4.957415963,"? 31,908.59",
Lenovo,1.644606691,16,256,15.65893582,2.000559585,"? 9,608.28",
Asus,3.922756575,4,1000,14.66801961,3.841938369,"? 31,653.26",
Dell,3.709464712,16,512,16.14385341,3.849284532,"? 17,905.29",
Asus,3.819380708,4,256,15.03947864,3.372329168,"? 9,576.80",
Acer,3.987269557,8,1000,13.44871434,3.190843919,"? 32,018.24",
Acer,1.934738123,16,256,16.31371859,3.366149406,"? 9,594.16",
Dell,2.490605047,32,512,12.33140276,3.244881308,"? 18,157.02",
Lenovo,3.395596189,4,1000,15.28784765,4.191477432,"? 31,613.46",
HP,3.240051545,16,512,16.28938073,2.406066305,"? 17,547.66",
Dell,1.884739766,32,1000,15.38789912,2.592917662,"? 32,638.55",
HP,3.539582812,16,1000,15.18365251,2.541554685,"? 32,339.21",
HP,2.06110143,16,1000,15.51582976,2.787411755,"? 31,865.40",
Lenovo,2.059544037,16,1000,13.79033149,3.575775256,"? 31,987.43",
HP,2.842436057,4,1000,16.24502409,2.333626242,"? 31,150.08",
HP,2.982349837,32,256,12.22061885,4.604507886,"? 10,454.86",
Lenovo,2.95021552,8,1000,11.7643185,2.892084594,"? 31,916.07",
HP,1.728717093,4,1000,12.71305268,2.487613962,"? 31,095.04",
HP,3.693652157,4,256,14.18946438,4.026863929,"? 9,480.67",
HP,2.164000106,4,256,14.06337077,2.114258902,"? 8,909.47",
Dell,1.823787303,8,256,15.92359255,3.859905695,"? 9,379.79",
Dell,3.7218702,32,256,13.42741194,4.094595292,"? 10,692.55",
Dell,3.889128746,32,256,13.90606656,2.644749594,"? 10,742.17",
Lenovo,3.655319043,32,256,11.0802061,2.12589222,"? 10,722.28",
Acer,3.523790187,16,1000,13.45843542,3.090936077,"? 31,974.33",
HP,3.138104952,16,1000,14.8866454,2.295782691,"? 32,396.81",
HP,2.877143427,16,512,11.09304998,2.349433549,"? 17,694.48",
Lenovo,1.7174669,8,1000,12.68529179,2.762783694,"? 31,397.57",
HP,2.521133033,16,1000,12.24773816,2.886403774,"? 32,125.16",
Dell,2.431721293,8,256,11.25191257,3.589911023,"? 9,411.27",
Acer,2.149384459,32,256,13.87556054,4.035175657,"? 10,428.78",
Asus,3.308550284,16,1000,12.09033976,3.778312823,"? 31,944.08",
HP,2.739689338,16,512,15.45848924,2.445081012,"? 17,811.47",
Dell,1.70261554,4,256,16.0875673,2.516258097,"? 8,938.61",
Asus,2.050458005,8,1000,14.2735111,4.636307749,"? 31,427.37",
Acer,3.208146909,32,1000,16.89024406,3.675056945,"? 33,370.44",
Asus,1.690327149,4,512,13.70287143,4.609813499,"? 16,748.04",
Dell,3.628017285,4,512,14.08020926,3.114639534,"? 17,087.55",
Asus,2.737866318,32,256,16.93530652,3.843200022,"? 10,433.70",
Lenovo,2.701466443,4,512,12.38929062,3.570990248,"? 16,972.93",
Asus,2.981019462,8,1000,16.65527564,2.957370469,"? 32,379.04",
HP,3.561702415,8,1000,11.25702533,3.409746116,"? 31,979.49",
HP,2.36952302,16,512,13.67832134,3.50747263,"? 17,471.61",
Lenovo,3.195040381,4,512,11.42002107,2.602312924,"? 17,045.60",
Dell,2.91432991,16,512,15.37540846,2.945031117,"? 17,455.30",
HP,2.167570675,4,512,14.65045362,4.374229252,"? 16,675.25",
Acer,3.696574966,8,256,15.23980558,4.747364718,"? 9,506.55",
HP,3.493565054,8,512,13.2468824,3.079382281,"? 17,077.87",
HP,3.146129587,8,256,13.2168916,2.920916847,"? 9,373.87",
Dell,3.626454323,4,1000,11.27191567,2.585591494,"? 31,553.45",
Asus,3.668235502,8,512,13.09966964,4.035473506,"? 17,166.35",
HP,3.270907442,4,256,16.57573041,2.969299105,"? 9,281.47",
Lenovo,3.592533321,16,512,13.27535922,4.963248617,"? 17,642.98",
Asus,3.243678654,4,1000,15.98820624,2.977054406,"? 31,654.49",
Acer,3.200351929,16,1000,16.05395303,3.18240814,"? 32,262.80",
Dell,3.046528446,4,1000,13.23944694,3.810002589,"? 31,840.45",
Acer,3.381791599,16,512,14.79193208,4.40505288,"? 17,603.49",
Asus,1.896512763,8,512,11.57222961,3.408555996,"? 17,278.84",
Asus,3.702176898,16,256,11.62207148,3.267968101,"? 9,990.74",
Asus,3.679608819,8,1000,11.29194598,4.986913501,"? 31,722.44",
Acer,1.573118208,8,512,14.48609056,2.031480923,"? 17,113.95",
Asus,3.564541876,16,1000,13.55642587,4.685195867,"? 32,221.28",
Acer,1.822174669,4,1000,14.28819414,2.447422478,"? 30,846.99",
Asus,2.337797136,4,256,14.12643914,4.357775829,"? 9,085.71",
Lenovo,3.358770641,32,256,13.10121795,3.85379468,"? 10,625.41",
Asus,1.90189974,4,256,15.06484049,3.025541856,"? 9,352.73",
Acer,3.54491756,32,256,15.55101129,4.621624867,"? 10,574.27",
HP,3.580335445,4,1000,11.08776955,2.038721684,"? 31,550.90",
Asus,2.768669334,4,256,12.2434538,2.680071956,"? 9,405.33",
HP,1.515964679,8,256,15.27941521,3.700678389,"? 9,230.66",
Lenovo,2.217595333,32,256,13.31972104,3.05462678,"? 10,425.08",
Dell,3.042317296,4,256,14.97490368,3.831132486,"? 9,098.35",
Lenovo,3.952965445,32,1000,13.08177596,2.07233058,"? 33,201.85",
Asus,3.079533818,8,256,13.34453091,2.349376791,"? 9,433.44",
HP,2.149508953,8,1000,11.95207324,2.381288721,"? 31,391.56",
HP,3.085014258,32,512,12.54938612,2.567850938,"? 18,159.14",
Acer,2.849963449,8,1000,14.63247055,3.377994322,"? 31,565.97",
HP,3.449613488,16,1000,13.59897867,4.256386099,"? 32,020.83",
Acer,1.767451597,16,256,15.6458161,4.716616514,"? 9,786.05",
Dell,3.402569756,8,512,16.11550973,4.506117591,"? 17,377.64",
Asus,2.853166447,16,512,14.24987851,2.590663615,"? 17,676.86",
Acer,3.90748001,4,512,15.54960375,3.323451657,"? 17,120.15",
Dell,2.354680415,32,512,12.84142708,2.598234793,"? 18,113.26",
HP,3.081554733,4,1000,13.48982729,2.79341545,"? 31,513.30",
HP,3.830070264,32,512,15.27666606,3.510640945,"? 18,700.66",
Dell,1.75627432,8,1000,13.31727196,2.204327074,"? 31,131.53",
HP,3.843071218,4,1000,14.53102961,2.654522989,"? 31,629.79",
Dell,3.219714306,8,1000,12.11223667,4.806134484,"? 31,560.66",
Acer,1.669592648,8,512,14.59862789,3.398348878,"? 17,123.89",
Acer,2.252408917,32,256,16.16908224,3.336159578,"? 10,425.01",
Dell,3.270430222,32,256,16.21183784,2.043701464,"? 10,410.69",
Acer,1.668376504,32,512,15.34606644,2.742199241,"? 18,117.86",
Acer,2.95542615,4,256,15.47452027,4.598877308,"? 9,160.56",
Acer,2.364707642,16,256,14.34756467,2.493885285,"? 9,603.57",
Lenovo,3.052288794,32,1000,14.50800854,3.245374819,"? 32,836.16",
Asus,1.614355085,32,1000,11.80190349,2.042992718,"? 32,498.58",
HP,3.678842015,4,512,13.66315513,3.435006445,"? 17,176.39",
Lenovo,3.933722423,32,512,13.7046577,2.06306332,"? 18,544.96",
Acer,3.922194638,4,256,16.75098701,4.458828659,"? 9,415.28",
Dell,3.374129579,8,1000,13.58652118,4.474561302,"? 31,582.16",
Acer,1.8252156,32,512,14.29605587,4.363226565,"? 18,033.55",
Asus,3.39565799,32,512,14.1995084,2.850092207,"? 18,446.75",
Acer,1.561467291,8,512,14.8205703,4.511711655,"? 16,883.32",
Dell,1.555308879,8,512,15.48939699,3.628994398,"? 16,876.74",
Asus,2.309025548,8,512,12.35025126,3.121424327,"? 16,753.08",
Acer,2.721607976,32,512,14.17234651,3.875989879,"? 17,768.37",
Asus,3.426018545,16,256,15.95550624,2.037023138,"? 10,323.87",
HP,3.208238442,16,1000,13.77868828,2.428882633,"? 31,931.01",
HP,2.614756766,16,1000,12.67074528,4.226880615,"? 31,641.11",
Acer,2.184066666,32,512,14.92825445,2.732484826,"? 18,194.16",
Asus,3.99281125,8,1000,15.94260437,3.794027352,"? 31,637.77",
Dell,2.565453256,32,1000,11.37884176,3.155307808,"? 32,648.15",
Acer,2.628467561,8,1000,15.6607429,4.564417336,"? 31,803.03",
HP,1.909059553,32,512,15.9298876,4.857245918,"? 18,466.37",
HP,3.487023872,32,512,13.76913757,4.650694185,"? 18,463.78",
Acer,3.234205564,8,1000,16.89983394,2.811859984,"? 31,768.89",
Asus,2.051924032,16,1000,15.72025004,2.582488607,"? 31,988.68",
HP,1.705952614,8,512,15.64197539,3.423304681,"? 16,518.08",
Asus,3.201248255,4,256,15.48703145,2.022002453,"? 9,219.62",
HP,3.136278036,4,1000,11.90364862,2.077428179,"? 31,454.60",
HP,2.183148817,8,256,12.30338532,3.659871919,"? 9,256.76",
Lenovo,3.877158906,32,1000,13.78394079,3.561348212,"? 33,503.94",
HP,1.877644729,4,256,12.5840261,4.983745967,"? 8,570.01",
Dell,2.580837003,4,256,13.49144583,2.605525506,"? 9,058.41",
Acer,3.8590398,32,256,16.33078466,2.774311787,"? 10,483.98",
Acer,2.549318292,32,512,15.94596135,2.340621927,"? 18,164.70",
Asus,3.096314869,16,256,14.78023927,4.752629029,"? 9,674.42",
HP,2.493985995,32,256,16.14872237,4.333433733,"? 10,259.57",
Dell,2.185538006,8,256,15.70263433,4.467017334,"? 9,469.11",
Asus,3.95994412,8,1000,13.57390959,4.708291364,"? 31,967.51",
Lenovo,2.523335016,16,256,12.20639091,3.57469996,"? 9,852.22",
Asus,3.735248009,4,1000,14.08520624,3.353579574,"? 31,588.89",
Asus,2.074886515,4,256,15.4173733,2.991174421,"? 9,059.27",
HP,2.03276176,32,256,13.61851759,3.767643843,"? 10,740.17",
Lenovo,1.577835207,8,512,15.00063146,3.36283519,"? 16,841.41",
Asus,3.129167063,4,1000,11.56596456,3.35469676,"? 31,685.20",
Dell,2.421315859,16,256,15.48802842,4.810783591,"? 9,602.42",
Dell,3.660895625,16,1000,15.87628172,4.952094543,"? 32,443.39",
Acer,2.683024767,8,1000,15.24102713,4.389453168,"? 31,587.75",
Lenovo,3.92048357,16,512,16.80358153,4.270274271,"? 17,358.18",
Lenovo,1.963813789,16,512,15.95991234,4.041674485,"? 17,330.03",
Acer,3.67155792,8,512,16.41856237,2.498224557,"? 17,203.64",
Asus,3.441492132,32,512,16.6014265,2.177317463,"? 18,133.60",
Lenovo,3.427304612,32,512,15.80808795,4.072178945,"? 18,459.20",
Dell,3.61195807,16,512,15.04555305,4.186358667,"? 17,462.73",
Dell,3.402559977,32,512,11.03431149,2.140918973,"? 18,958.32",
HP,3.065550804,32,512,13.79495452,4.784155251,"? 18,008.28",
Lenovo,1.828112194,16,256,14.42697379,2.273421918,"? 9,368.84",
Asus,1.581315449,32,1000,12.82418163,2.857701601,"? 32,818.08",
Acer,3.80211962,16,512,12.90862668,4.017169438,"? 17,611.82",
Acer,3.041625786,4,512,16.76695649,2.509617783,"? 17,148.41",
Asus,3.491343227,8,1000,16.35026519,2.166247665,"? 31,979.69",
HP,2.703805879,8,256,16.09507403,2.993439467,"? 9,296.27",
Acer,1.793270472,32,1000,13.43607081,4.297914725,"? 32,408.58",
Lenovo,1.812964481,32,1000,11.0821913,3.241036037,"? 32,866.04",
HP,3.213913218,32,512,11.48133348,3.958918766,"? 18,035.13",
Lenovo,2.575764737,8,1000,12.87317821,3.738857292,"? 31,747.01",
Dell,2.001311817,4,1000,11.09445748,2.066655446,"? 31,485.28",
HP,2.728986367,4,512,11.10289869,4.965619961,"? 16,752.82",
Acer,1.660522343,8,512,16.49961981,2.124284266,"? 16,840.02",
HP,2.954928505,4,512,15.23695101,4.903408213,"? 16,709.95",
HP,2.172483511,8,512,12.85373594,3.649592535,"? 17,007.62",
HP,3.493897752,4,1000,11.79586747,4.889477081,"? 30,976.62",
HP,2.275904897,16,1000,14.06981431,2.344260798,"? 32,156.28",
Lenovo,2.638050373,16,256,11.03207697,3.471225558,"? 9,717.43",
Dell,1.52905135,8,256,16.63048246,2.508512276,"? 9,148.77",
Asus,1.681117219,4,1000,13.48889072,2.152924631,"? 31,332.93",
HP,2.481233891,32,256,13.41400973,3.852587345,"? 10,231.29",
Acer,2.699847087,4,1000,13.34356165,2.623350263,"? 30,998.01",
HP,3.00005137,16,256,11.41596998,3.763091055,"? 9,864.41",
Acer,2.229156447,16,512,14.82993344,2.337093446,"? 17,642.37",
Lenovo,3.237454715,4,256,15.39802172,2.995959414,"? 8,957.61",
Acer,3.650305993,4,512,15.05675239,4.344897674,"? 16,837.25",
Asus,3.449627472,32,512,11.83061296,3.311154566,"? 18,503.89",
Dell,1.599047063,32,512,14.47304101,3.883236245,"? 18,102.22",
Acer,2.701267368,4,512,14.41690691,3.942373822,"? 17,441.79",
Acer,1.762325446,4,256,16.21046473,4.531265132,"? 9,226.49",
Dell,2.10511254,4,1000,13.27476595,2.974768383,"? 31,523.86",
Asus,3.966656483,4,512,13.22891566,4.061886688,"? 16,924.53",
HP,1.856238857,8,256,14.71116235,4.884847421,"? 9,301.58",
Acer,2.747220384,4,512,14.79843592,4.190730003,"? 17,162.59",
Dell,3.045389336,32,256,13.81571136,3.46961143,"? 10,597.82",
Lenovo,3.256162426,16,256,13.65835617,3.892152333,"? 9,842.04",
Dell,2.899121709,8,256,13.96488602,4.219048693,"? 9,425.20",
Lenovo,1.524427119,4,1000,16.1662718,3.836827297,"? 31,156.94",
Asus,2.316153271,16,256,13.76700141,2.05002744,"? 9,751.86",
HP,2.794279108,8,256,16.63959075,2.584320493,"? 9,494.60",
Dell,1.719666248,16,1000,14.02402258,4.431404652,"? 32,176.10",
Acer,2.376567328,4,1000,16.69520416,2.817951942,"? 31,443.16",
Asus,1.583007772,4,256,15.99699141,4.194686359,"? 9,109.54",
Dell,1.696446243,32,1000,13.17458794,3.116360646,"? 32,639.70",
Acer,2.492308191,4,512,16.18184853,3.565652984,"? 16,974.39",
Dell,1.831789385,4,512,11.66037971,2.203919899,"? 16,587.51",
Lenovo,2.918852121,8,1000,16.55028305,2.543676683,"? 31,904.03",
Dell,3.223662423,32,1000,14.78986109,4.871590891,"? 33,137.46",
Dell,3.501466748,8,256,11.32634449,4.67041416,"? 9,246.78",
Dell,2.000375611,16,1000,14.86554034,3.956825333,"? 32,178.29",
Asus,1.918706456,4,256,16.84548592,3.378933792,"? 9,033.57",
Dell,1.761419601,16,512,11.41880393,4.027283879,"? 17,106.43",
Acer,3.091075624,8,1000,14.32812626,3.855830867,"? 31,624.22",
Lenovo,3.266189316,4,256,15.4867661,3.705656767,"? 9,365.56",
Lenovo,1.578965362,4,256,15.86155152,2.177531216,"? 8,990.32",
Dell,3.840530616,8,512,13.48296479,3.898407832,"? 17,332.94",
Asus,1.629928209,8,1000,12.22499936,4.306760134,"? 31,505.46",
Asus,2.853240838,8,512,11.25405367,4.982244964,"? 17,127.62",
Acer,3.272651299,8,256,14.47835694,2.033235658,"? 10,059.02",
Dell,3.677422809,8,256,13.71746642,4.19052036,"? 9,555.87",
Lenovo,3.28521733,4,1000,16.69246637,3.715367948,"? 31,506.82",
Asus,3.504320208,8,256,11.36362945,3.302156528,"? 9,071.15",
Dell,2.348625481,4,1000,15.11237206,2.382710524,"? 31,209.08",
Asus,3.537062784,4,512,11.14979733,3.227255446,"? 17,205.21",
Asus,1.700287116,8,1000,12.02860506,3.063131549,"? 31,593.98",
Lenovo,3.73704164,8,1000,13.721474,2.908489667,"? 31,622.76",
HP,2.86898094,32,256,13.72923466,4.19263887,"? 11,079.30",
Acer,3.543244425,4,256,15.11420326,4.102176564,"? 9,415.26",
Acer,2.630795711,8,1000,16.46127821,3.767060273,"? 31,809.78",
Lenovo,3.108944238,8,256,14.83419295,4.81599444,"? 9,899.16",
Asus,2.816006652,8,256,16.72121059,3.049563153,"? 9,795.02",
Dell,3.328973804,32,256,16.28969384,2.731405813,"? 10,900.50",
Asus,1.704074955,32,1000,14.50699877,3.967709939,"? 32,857.12",
Lenovo,1.65088021,16,256,16.00275171,2.596442183,"? 9,788.82",
Acer,2.117758085,4,1000,14.85546566,2.945031522,"? 31,343.02",
Asus,1.8988617,16,256,11.47134699,2.67380732,"? 9,619.82",
Acer,3.679458916,8,512,15.44338834,2.207460703,"? 17,397.55",
Dell,2.048034968,32,256,11.56945065,4.482496225,"? 10,350.81",
Acer,3.93966314,32,256,14.56449668,2.763621629,"? 10,638.50",
Acer,2.342239479,16,1000,15.21584124,3.41908251,"? 31,985.35",
HP,1.955294789,32,1000,11.39916565,2.12994582,"? 32,500.16",
HP,3.474246268,8,256,12.38476792,4.098018399,"? 9,494.44",
HP,3.146769439,32,512,16.49403339,2.991683007,"? 18,033.23",
Acer,2.745489291,16,256,14.69788695,4.234210183,"? 9,848.92",
Lenovo,2.888408877,8,256,12.47771611,3.237209181,"? 9,048.61",
Acer,3.298004446,16,512,15.14407863,2.587266819,"? 17,515.92",
Lenovo,2.071136853,32,1000,14.58065852,3.539525247,"? 32,871.27",
Lenovo,3.99083479,16,256,14.0094542,2.391513679,"? 10,192.67",
HP,3.936982905,16,1000,16.85712185,3.32161748,"? 32,525.79",
Asus,3.125814216,4,1000,15.10072266,2.951916432,"? 31,661.60",
Dell,1.998856127,32,512,13.25264666,4.735878753,"? 17,853.61",
HP,3.200570606,32,512,15.80044059,2.182786165,"? 18,590.42",
HP,1.680496022,16,1000,16.30749976,4.082052242,"? 31,702.15",
Asus,1.576631256,4,256,11.75132336,2.548253498,"? 9,123.79",
Dell,2.144207221,32,1000,12.20331787,2.957135223,"? 32,868.88",
Acer,2.656557392,8,256,12.29736205,3.246542189,"? 9,596.57",
Acer,3.670681264,16,256,15.14727086,4.724045268,"? 9,974.81",
HP,3.317922674,32,512,14.61823733,2.727734798,"? 18,224.92",
Dell,3.356766303,8,256,14.71394939,2.273926408,"? 9,264.36",
HP,2.563733336,32,256,16.6446398,2.956068812,"? 10,359.76",
Lenovo,2.364837481,8,1000,15.6554692,2.314027912,"? 31,335.58",
HP,2.427596907,16,512,11.76762155,2.385789458,"? 17,545.41",
HP,3.969123909,32,256,13.08504249,3.721551794,"? 11,011.79",
Acer,1.600272979,32,256,13.61236188,2.182705799,"? 10,461.21",
Acer,3.66757874,4,512,13.37576953,2.092792644,"? 17,033.50",
Acer,2.946688521,16,1000,15.01585165,4.143242304,"? 32,560.41",
Lenovo,2.596538548,8,512,16.35135862,3.084941285,"? 17,055.86",
Acer,3.313144151,32,512,12.83630878,2.376126048,"? 18,399.78",
Dell,2.716672354,32,256,14.31126282,2.760838313,"? 10,572.38",
Asus,3.683558095,8,256,15.73645653,3.926259522,"? 9,524.52",
Dell,3.75175466,16,1000,13.49730835,2.826609701,"? 32,418.23",
Dell,2.554302317,4,256,12.00870877,3.483563375,"? 8,969.50",
Acer,2.192069493,4,256,13.84970579,2.36508592,"? 8,931.64",
Asus,2.980875821,32,512,11.33133512,3.764280913,"? 18,381.45",
Asus,3.780908364,8,256,16.65430072,2.948233052,"? 9,540.26",
Asus,2.026655473,32,1000,11.44892723,3.880905304,"? 32,722.20",
Lenovo,3.057416459,8,512,13.63074029,4.425184647,"? 17,031.58",
Acer,3.07890055,4,1000,14.17928757,3.834939258,"? 31,558.71",
Asus,3.332782556,16,512,16.91182299,2.887242688,"? 17,501.26",
Lenovo,1.828919213,8,256,11.99613094,2.767231105,"? 9,029.92",
HP,3.289562412,4,512,11.68658911,2.982262876,"? 16,757.88",
HP,3.772581302,32,512,11.05223688,2.49386154,"? 18,579.29",
Lenovo,1.949207772,8,256,11.93342862,2.543515553,"? 9,217.45",
Lenovo,2.093858312,16,256,12.24363787,4.372073306,"? 9,783.63",
Acer,3.928487735,32,1000,14.78348565,3.15419773,"? 33,354.90",
Acer,1.952442382,32,1000,12.31824074,3.307985542,"? 32,611.79",
HP,3.635962733,4,256,11.12312489,3.782148397,"? 9,468.15",
Asus,2.730694641,8,256,15.95971007,3.768960485,"? 9,404.82",
HP,2.118077686,32,256,13.19357421,2.202130615,"? 10,413.73",
Asus,3.676874753,16,512,13.12218012,4.494622359,"? 17,863.35",
Asus,2.613263138,8,512,12.81487418,2.53197966,"? 17,124.38",
Acer,2.787043385,16,512,16.85223966,4.169214908,"? 17,442.28",
Dell,2.398083423,32,256,12.0206925,4.318012964,"? 10,554.61",
Dell,2.982377129,16,1000,16.38942838,4.144698602,"? 31,929.67",
Lenovo,1.908809681,4,256,15.66081999,3.73693294,"? 9,087.07",
Acer,2.477703842,16,512,11.45887973,2.043826991,"? 17,064.36",
Asus,3.923530806,8,512,16.92037461,3.081126477,"? 17,155.42",
Dell,2.145333582,16,256,12.62819578,3.814518288,"? 9,740.41",
Asus,3.141841661,16,256,11.59149756,3.162353888,"? 9,274.53",
Dell,2.312975161,4,512,15.9758854,4.590439685,"? 17,156.71",
Dell,3.433682814,16,512,15.2400532,2.926406826,"? 17,789.17",
Dell,1.827184152,16,512,14.70331284,2.880604377,"? 16,922.99",
Acer,3.924552613,32,256,11.93588518,2.797993079,"? 11,255.35",
HP,2.634473853,32,512,13.8709767,2.998342607,"? 18,769.15",
Asus,2.090126158,8,512,15.68333616,3.672214893,"? 16,918.87",
Acer,1.683741868,32,1000,12.82174363,4.121045883,"? 32,466.67",
Acer,1.924394763,32,256,12.87013897,3.987703753,"? 10,719.67",
Acer,2.799434871,32,1000,11.01884544,4.42315346,"? 32,767.27",
Acer,2.342507941,32,1000,12.04546041,4.657741986,"? 32,795.04",
Acer,3.572208415,4,512,16.25243375,4.448237127,"? 17,298.47",
Lenovo,2.577218809,32,256,13.65047895,2.05683621,"? 10,517.18",
Asus,2.121785681,4,512,16.905407,4.207753861,"? 16,732.18",
Acer,3.042862467,4,256,13.37424778,2.625198721,"? 8,975.33",
Asus,3.266943042,32,1000,15.29111873,2.398784128,"? 32,909.11",
Lenovo,1.91760477,16,256,12.69151426,3.915466354,"? 9,526.04",
Lenovo,1.919048041,4,512,13.18285785,2.959229586,"? 16,430.16",
Asus,1.591678567,16,512,12.14435593,2.17135149,"? 16,969.92",
Dell,3.341005038,16,512,13.08237421,2.412889203,"? 17,572.44",
HP,3.159511319,32,256,14.28342512,2.002788251,"? 10,307.60",
Dell,2.686577189,8,1000,16.95063729,4.709670882,"? 31,553.40",
Dell,3.610426122,32,1000,14.98521028,2.073853952,"? 33,489.97",
Dell,3.514175382,8,256,12.19547573,2.628367309,"? 9,431.37",
Acer,2.963385911,8,512,11.26976865,3.248788342,"? 16,951.44",
Lenovo,3.670678201,32,1000,11.75813889,3.069713978,"? 32,968.61",
Dell,2.014603025,32,512,14.37533121,4.735177631,"? 18,036.24",
Lenovo,1.779799048,8,256,15.59096197,2.120866837,"? 9,341.54",
Asus,2.174374029,32,512,16.64251524,3.536644123,"? 18,293.33",
HP,1.64271714,8,1000,11.09493903,4.041438388,"? 31,331.88",
Asus,2.82792382,16,1000,14.13656085,4.795093921,"? 32,057.60",
Asus,3.841514231,32,512,13.82520414,3.861113756,"? 18,728.75",
Acer,1.598358852,16,256,14.93633013,4.411265708,"? 9,252.22",
HP,1.805274785,4,512,14.35747313,2.251174814,"? 16,674.18",
Asus,2.630497571,16,256,15.1222349,3.157818533,"? 9,804.02",
Asus,3.834687544,16,512,14.94849551,3.121841403,"? 17,539.35",
HP,2.290390262,8,1000,11.70207035,4.658864649,"? 31,522.50",
HP,2.768087022,16,256,15.79830748,2.454113514,"? 9,642.71",
Asus,1.603932148,32,256,11.73939545,2.455658517,"? 10,438.45",
HP,1.870858002,8,256,15.19118375,2.98567445,"? 8,960.50",
Asus,3.966575307,4,1000,13.49687221,2.163398142,"? 31,954.09",
Asus,3.912796741,32,512,14.08310441,2.547374122,"? 18,484.09",
Acer,1.512349952,4,1000,16.41978809,4.895628916,"? 31,192.30",
Dell,3.879529464,16,256,16.33930236,3.28455182,"? 9,848.91",
Asus,3.097799845,32,512,15.90713783,3.896057625,"? 18,564.87",
Lenovo,3.669795736,32,1000,14.06089028,4.178333778,"? 32,943.02",
Dell,2.636849639,4,256,15.41743886,3.100884221,"? 8,951.26",
Dell,2.788990071,32,256,14.07738233,2.441681223,"? 10,805.22",
Dell,2.722116451,32,1000,16.21763649,2.619743049,"? 32,761.72",
Acer,3.167160644,32,1000,13.416655,2.93979943,"? 32,953.47",
Asus,1.849128137,16,1000,16.82141207,3.908205261,"? 32,130.93",
Acer,1.574933975,4,256,16.59393655,3.194841647,"? 9,026.51",
Asus,2.269824854,32,1000,15.44961572,2.020444094,"? 33,188.92",
Acer,3.261701907,8,256,12.67649531,3.570221555,"? 9,283.18",
Acer,2.00463363,8,1000,11.78992153,4.764540176,"? 31,446.98",
Lenovo,3.183581083,8,256,16.1282207,4.436232833,"? 9,468.28",
Acer,3.924780115,8,256,11.99181372,4.475634114,"? 9,684.28",
HP,1.734751789,16,512,16.12556473,4.385174053,"? 17,543.33",
Lenovo,3.181505296,32,1000,13.94459004,2.971192477,"? 33,000.20",
Acer,2.609375548,4,1000,13.4393407,4.295581501,"? 31,420.17",
Dell,3.670355636,32,256,16.41914467,2.429484073,"? 10,521.56",
HP,1.942874474,16,256,14.6231059,3.973148442,"? 9,643.78",
HP,3.231564881,8,256,14.45968404,3.9247057,"? 9,346.20",
HP,3.595288224,16,512,14.35259567,2.076709397,"? 17,769.03",
Lenovo,3.861535549,32,512,13.2270171,4.363910401,"? 18,371.27",
Acer,3.208120071,4,256,15.71385862,4.709744315,"? 9,240.68",
Acer,2.74293691,16,1000,12.51679066,2.802245835,"? 31,778.85",
Dell,3.044618101,4,1000,16.63336976,4.437172173,"? 31,234.93",
Dell,3.672262461,16,512,16.36391123,2.247217916,"? 18,071.46",
HP,2.926524367,4,512,13.02488195,3.799903575,"? 16,893.74",
Dell,1.575967649,4,256,15.37678262,3.456940596,"? 9,049.03",
Lenovo,3.827371739,8,1000,14.43933917,3.6377706,"? 31,735.42",
Acer,3.223816878,4,256,13.02589581,4.778615606,"? 9,412.60",
HP,3.191283464,8,512,16.93112989,4.613945742,"? 17,329.77",
Dell,2.039187881,32,1000,11.15142408,4.355250972,"? 32,526.83",
Lenovo,3.147213676,32,1000,12.51587618,2.821095373,"? 32,739.65",
Lenovo,2.484661014,8,512,14.12044437,4.735455886,"? 16,845.48",
Dell,3.128082443,8,256,14.13171802,2.292523077,"? 9,459.67",
Acer,1.766482576,16,256,14.53359845,4.55998765,"? 9,611.79",
Dell,3.144613262,16,1000,15.51005703,2.984480217,"? 32,216.96",
HP,3.998534314,16,512,14.74086698,2.161316935,"? 17,992.66",
Dell,1.620530097,32,1000,14.60168876,4.008070953,"? 32,533.07",
Lenovo,3.942935461,16,512,11.32108678,2.693839785,"? 17,430.74",
Dell,2.517269902,4,256,13.25918173,2.730713378,"? 9,121.35",
Acer,3.676883626,4,512,12.39233444,2.918141499,"? 16,675.43",
Asus,3.45596371,16,256,12.59222067,2.191054303,"? 10,040.27",
Dell,2.917540652,4,512,14.32602485,2.531381433,"? 16,924.31",
Acer,3.346123023,32,1000,12.19703189,2.015418883,"? 32,925.40",
Acer,3.696288903,4,256,12.76369461,3.336228563,"? 9,262.46",
Lenovo,2.510350804,32,1000,12.42250825,2.252766132,"? 33,009.99",
Acer,2.317582904,8,1000,16.69101766,4.047957815,"? 31,832.49",
Acer,3.168983464,8,256,16.66799439,2.706868554,"? 9,470.81",
Acer,3.519614855,8,256,14.65964935,4.830722432,"? 9,647.16",
Acer,3.405712837,8,1000,16.54713481,4.613754882,"? 32,038.62",
HP,3.494534122,4,1000,15.71487587,2.868322685,"? 31,751.63",
HP,2.588958287,16,1000,14.5396873,4.349646364,"? 32,024.00",
Lenovo,3.54458554,4,1000,11.03861127,4.409734714,"? 31,661.83",
Dell,1.800522638,32,256,15.63509772,4.959689342,"? 10,195.39",
Acer,2.861222745,4,256,15.21493005,3.793519961,"? 9,232.83",
Dell,1.514396651,4,1000,14.69152192,2.245897204,"? 31,227.63",
Dell,2.311464575,32,512,15.56254587,3.940511687,"? 18,116.17",
Lenovo,2.416153837,8,512,14.07753299,3.874939245,"? 16,640.73",
Acer,2.490431729,8,256,15.22449963,3.915051732,"? 9,137.91",
Acer,3.238668017,8,1000,16.61103252,2.921436944,"? 31,753.56",
Asus,2.471395253,16,1000,13.2548301,4.579038755,"? 32,192.59",
Dell,2.621734057,32,256,15.24873101,4.878416549,"? 10,617.70",
Dell,2.093860327,32,512,13.85412691,2.653137539,"? 18,317.26",
HP,2.433129479,4,512,15.04639791,2.264456474,"? 17,073.49",
Asus,2.068174068,16,512,15.57736001,2.5836051,"? 17,425.21",
HP,1.682989809,8,256,11.272715,4.461656418,"? 9,125.49",
HP,3.008621483,16,512,14.87960266,4.029933904,"? 17,324.42",
HP,3.170531996,32,256,12.36044711,3.908142027,"? 11,019.57",
Lenovo,3.048725865,32,256,15.02019523,3.205379405,"? 10,374.53",
Lenovo,2.65873511,4,1000,13.80998112,3.733483915,"? 31,494.36",
HP,2.44946445,4,512,15.64131645,2.923622376,"? 17,000.04",
Asus,3.658334124,32,256,11.74040489,3.431600238,"? 10,881.51",
Dell,2.797704463,8,512,14.75793411,4.379189085,"? 16,839.89",
Asus,2.697954694,8,512,12.67082437,4.943724792,"? 16,919.59",
Acer,1.564105165,16,1000,16.11789197,4.797466771,"? 31,727.41",
Lenovo,2.353119569,32,512,16.57030103,4.801597829,"? 17,817.93",
Dell,2.450489047,32,1000,16.97838976,3.206671205,"? 32,923.66",
Dell,2.497056952,8,256,15.77604441,3.406369642,"? 9,217.35",
Acer,2.950430923,8,512,15.52240442,4.116906189,"? 17,420.46",
Acer,2.834006367,32,256,12.29300455,4.766575784,"? 10,668.03",
HP,3.019762732,4,512,13.01604235,2.425982778,"? 16,908.29",
Lenovo,3.412208154,32,256,13.79409525,2.912725591,"? 10,614.66",
Lenovo,3.532464347,32,512,15.64028629,2.417740534,"? 18,478.14",
Asus,3.295307691,8,512,16.48979519,3.83602559,"? 17,159.32",
HP,3.88880924,8,512,12.1348346,2.918902991,"? 17,265.18",
HP,1.545581457,4,512,16.53420491,2.978323558,"? 17,050.34",
HP,1.989444964,4,512,15.17374791,2.212747878,"? 16,526.29",
HP,1.518907187,16,512,14.66462438,3.049388185,"? 17,192.85",
Lenovo,3.118686785,32,512,12.19904763,4.587489522,"? 18,423.12",
Lenovo,3.745076372,8,512,11.3331502,2.699218436,"? 17,128.66",
HP,2.108705741,4,512,14.41078939,4.085562399,"? 17,045.21",
Asus,3.817586362,16,256,14.9090941,3.888885035,"? 10,138.50",
Dell,1.650668476,16,1000,12.2646887,4.590453825,"? 31,685.74",
Dell,3.836090067,8,512,14.33873723,2.396863843,"? 17,330.84",
Asus,2.379056718,8,1000,16.13896042,4.932769881,"? 31,508.34",
HP,1.753552071,16,512,16.01039567,3.747885938,"? 17,134.11",
Lenovo,2.714679398,4,512,16.56413108,4.986422457,"? 16,856.31",
Dell,2.141941419,16,256,13.19531486,4.734544178,"? 9,877.70",
Acer,2.212182255,32,256,12.90829744,2.664551816,"? 10,603.05",
Acer,2.268224912,32,1000,15.49655604,2.16848603,"? 32,837.38",
Asus,3.507564745,8,256,13.58667443,2.766917281,"? 9,681.81",
HP,2.847903192,4,256,11.52529198,3.582690947,"? 9,197.98",
Dell,2.278269248,4,1000,12.69680678,2.514789101,"? 31,150.46",
HP,3.025834458,32,256,13.51149371,2.502379234,"? 10,601.35",
Dell,3.290376686,16,512,12.75509855,3.387780641,"? 17,524.67",
Asus,2.181560002,8,1000,12.99323343,2.099803914,"? 31,727.52",
Asus,2.533872754,16,1000,12.76265544,2.365664248,"? 31,925.08",
Acer,1.804715233,16,512,11.248995,3.247584018,"? 17,030.91",
HP,1.952873374,16,256,14.8225682,2.189389728,"? 9,636.02",
Acer,3.202794635,4,1000,14.58375452,3.190265169,"? 31,471.25",
HP,1.953595869,32,1000,14.92030099,3.422018798,"? 32,690.20",
Acer,2.812908459,4,512,12.15385938,3.353799842,"? 16,815.94",
Lenovo,3.272615654,32,512,12.77392725,4.607524572,"? 18,247.32",
Lenovo,1.767192308,8,256,14.71769556,3.590187365,"? 9,384.53",
Lenovo,2.918280549,8,1000,14.59776541,3.403941387,"? 32,024.43",
Lenovo,2.141406959,16,256,14.03798186,3.232127736,"? 9,829.30",
Dell,3.907317188,32,256,13.1024795,4.452870135,"? 10,424.74",
Lenovo,2.708864117,32,512,16.47758603,4.685169812,"? 18,156.08",
Asus,3.514981374,32,1000,13.03862145,4.559727408,"? 32,982.44",
Asus,2.875566355,16,1000,13.73371494,4.020639734,"? 31,740.33",
Dell,1.608531332,16,1000,15.06868299,2.412085238,"? 31,723.78",
Lenovo,3.082878439,8,512,14.25812859,2.830609908,"? 17,095.15",
Lenovo,3.878508356,4,512,13.08131586,2.138189191,"? 16,986.15",
Lenovo,3.00402955,32,512,13.61386874,4.792472225,"? 18,286.89",
Acer,3.547972149,32,512,15.76688491,3.982395589,"? 18,168.94",
HP,3.710516158,4,512,12.66877493,4.239088653,"? 16,921.03",
Acer,2.07019943,32,1000,11.85353144,2.934715219,"? 32,752.15",
HP,2.0301121,16,256,12.87897921,4.536960567,"? 9,600.27",
Lenovo,3.027452472,16,1000,16.09720529,2.778809851,"? 32,289.03",
Lenovo,2.527571175,32,256,11.53393829,2.004931271,"? 10,573.86",
Acer,3.599653257,16,512,16.95017644,3.129244888,"? 17,606.22",
Acer,3.750057808,16,256,14.24601739,3.712284443,"? 10,001.83",
HP,2.383553448,32,1000,16.90907446,3.436114574,"? 32,720.53",
Asus,2.092176397,8,1000,16.63397853,4.586228428,"? 31,551.21",
HP,3.451313788,4,256,13.71688229,2.316215858,"? 9,110.31",
Acer,2.187015089,16,512,12.19094645,3.661470322,"? 17,517.69",
Acer,3.556535796,8,512,11.98930866,3.538938049,"? 17,121.01",
Dell,2.559345634,16,1000,12.43993618,2.844178947,"? 32,245.01",
Acer,3.168874748,16,256,15.26079584,4.466684338,"? 9,936.62",
Dell,1.738838285,4,512,12.63769997,4.258545968,"? 16,440.80",
Asus,3.059648312,16,512,13.04855162,4.198577562,"? 17,541.14",
HP,2.629419197,4,1000,13.69267282,4.628577435,"? 31,615.40",
HP,2.966521158,4,512,16.47939608,4.168353802,"? 16,925.69",
Dell,1.920035519,4,256,12.13636051,2.695523875,"? 8,994.58",
HP,3.342184362,8,1000,11.03015932,4.116688135,"? 31,637.58",
Acer,3.656992694,32,1000,11.36057846,2.92310844,"? 33,034.20",
Lenovo,2.0418495,8,256,16.42859805,2.726523951,"? 9,337.26",
Dell,1.739286389,32,1000,14.88509879,2.219010779,"? 32,607.61",
HP,1.559096465,32,512,12.63824372,4.232085741,"? 17,766.40",
Dell,3.104928751,4,512,12.06315501,4.133002886,"? 17,138.51",
Dell,3.01773509,16,256,12.76560042,2.703498433,"? 9,932.65",
Lenovo,2.866743532,4,512,11.68878156,4.24813705,"? 16,715.11",
Acer,2.07986774,16,256,16.64919746,4.753522649,"? 9,725.35",
Dell,2.47726499,32,256,15.70523705,2.324086872,"? 10,270.60",
HP,2.986190838,4,512,13.77434706,2.697909915,"? 16,510.33",
Asus,2.741917147,16,256,16.18977563,4.250782382,"? 10,026.50",
Dell,3.969463801,8,512,12.49674923,2.823520021,"? 17,321.50",
Dell,1.841099381,16,1000,15.30272341,3.873991923,"? 31,925.99",
Lenovo,3.237861385,4,1000,16.13679499,2.243492673,"? 31,694.40",
Acer,2.51079692,8,256,13.14061227,3.356607437,"? 9,956.63",
Asus,2.570499037,16,512,15.54478667,4.217274266,"? 17,616.64",
HP,3.293994414,16,512,12.7704341,4.059541829,"? 17,324.52",
Asus,3.231090378,16,1000,12.79314281,4.445216302,"? 31,821.55",
HP,3.978139984,16,1000,11.64234307,4.63235638,"? 32,493.06",
Acer,1.820985724,16,512,13.64034828,4.319550504,"? 17,425.03",
HP,1.760274123,8,256,15.37827144,4.014763229,"? 9,314.48",
Lenovo,3.310847043,32,1000,16.64132483,2.095167475,"? 32,911.47",
Lenovo,2.945967293,8,256,14.62278195,3.60490002,"? 9,498.26",
Lenovo,2.185401666,8,256,16.17881323,2.113093175,"? 9,174.86",
Lenovo,1.698548422,8,1000,15.9349679,4.424203451,"? 31,646.72",
Asus,1.714145624,32,256,12.04005832,2.962173573,"? 10,530.54",
Acer,3.735477187,4,256,13.91490457,3.687288122,"? 9,259.83",
HP,1.979668312,32,512,11.70154121,2.838335922,"? 18,287.94",
HP,2.308428905,8,256,15.09291897,4.347500433,"? 9,323.04",
Lenovo,2.066641006,16,512,16.69939801,4.65950758,"? 17,459.10",
Lenovo,2.387490765,16,1000,11.82253675,3.195927483,"? 31,720.06",
Dell,1.673559607,8,1000,15.40329878,4.588767181,"? 31,543.33",
Acer,2.797649477,16,512,14.79342891,2.801225022,"? 17,352.27",
Asus,1.669031409,8,1000,14.50163022,3.603982769,"? 31,582.73",
HP,3.50089127,16,256,13.34072141,4.57628429,"? 10,194.66",
Dell,2.084280205,32,256,13.13078989,2.977644028,"? 10,487.60",
Dell,2.850029787,4,256,11.27149513,4.862126795,"? 8,946.64",
HP,3.700197719,4,1000,12.30745225,2.365638505,"? 31,787.83",
Asus,3.127193423,32,256,11.09106129,2.054825209,"? 10,687.07",
Dell,2.832394466,32,1000,14.48850263,4.712406058,"? 33,320.85",
Dell,2.310834383,8,256,11.63511942,2.205945998,"? 9,303.60",
Acer,2.332504783,8,512,16.23811636,4.975667588,"? 16,884.41",
Asus,3.173717388,8,1000,14.13885812,4.854190586,"? 31,923.11",
Dell,3.985348403,16,1000,15.19813945,2.41106273,"? 32,351.39",
Asus,3.154597975,8,256,13.46514255,3.612753877,"? 9,460.15",
HP,2.894458543,32,1000,14.36347885,2.554760892,"? 32,754.92",
Lenovo,3.326626276,4,1000,16.65595506,3.284465519,"? 31,641.11",
Dell,2.663014031,16,512,11.49640424,2.184275388,"? 17,406.85",
Acer,1.650355857,8,512,12.52362663,2.671773763,"? 16,788.16",
HP,2.90574204,16,256,15.67992996,3.089818389,"? 9,725.67",
Asus,3.894063211,16,512,11.59242324,3.315942501,"? 17,695.15",
HP,1.938257356,8,256,11.45396662,4.932488775,"? 8,962.71",
Dell,3.225012227,16,256,13.16924839,4.423596937,"? 9,612.35",
Asus,2.002334222,4,256,11.55300775,4.212229833,"? 9,111.31",
Lenovo,2.839569211,32,1000,14.51047065,3.611123944,"? 33,045.56",
HP,1.741691124,32,512,12.3576515,4.519993282,"? 17,748.77",
Dell,2.625927341,4,256,16.37418778,3.017968507,"? 8,836.58",
Acer,3.390408322,16,512,15.70100049,4.126697338,"? 17,409.09",
Asus,2.368928811,8,256,15.19823124,4.981351926,"? 9,282.28",
HP,3.162279311,16,512,14.70166416,2.943886727,"? 17,787.92",
HP,3.488624902,4,512,16.18079438,4.022052605,"? 17,010.57",
Lenovo,3.817944549,16,256,12.33837237,4.532944592,"? 9,791.15",
Lenovo,2.086605205,32,1000,16.23865306,4.74742275,"? 32,824.34",
Acer,2.49828979,16,512,15.73695379,4.153798073,"? 17,410.06",
Acer,1.881040033,4,1000,15.48896496,2.85082377,"? 31,081.28",
Dell,3.981208755,32,1000,14.36753407,2.978846455,"? 32,878.79",
Dell,3.81750242,16,256,12.47746497,2.062274096,"? 9,702.79",
Acer,2.849892826,16,256,13.5412875,4.282657933,"? 10,273.95",
Acer,3.605083236,32,256,15.76142393,2.128218818,"? 10,966.96",
Asus,2.802394943,8,512,11.19067091,4.593957064,"? 16,879.61",
Lenovo,3.05896422,32,256,15.69230462,2.355981843,"? 10,903.73",
Dell,1.72281108,8,256,12.44042444,2.515629536,"? 9,034.60",
Lenovo,3.388176051,4,512,11.8658552,3.429579412,"? 17,155.69",
Lenovo,1.819283709,4,512,11.69420791,4.213641246,"? 16,631.67",
Acer,3.565169076,32,256,11.16350007,2.417006616,"? 10,560.36",
Asus,3.455070219,32,256,14.14151891,3.320213225,"? 10,856.61",
HP,3.271861744,4,256,12.30955924,3.448553823,"? 9,273.58",
Asus,1.590400951,8,256,16.93659059,2.636856925,"? 9,290.10",
Asus,2.25782089,4,1000,14.44662054,2.34667513,"? 31,460.13",
Lenovo,2.157781425,32,1000,11.82731162,4.509262769,"? 32,764.01",
Asus,2.400341019,4,256,15.13257524,3.507396949,"? 9,287.76",
Dell,1.719106867,32,1000,16.3864614,2.043143708,"? 33,267.88",
Lenovo,3.842394558,32,512,15.47107697,4.408943904,"? 18,743.57",
Dell,2.884505602,4,1000,11.45863917,4.942381416,"? 31,500.58",
HP,2.263810777,8,1000,16.37530509,3.817778586,"? 31,579.97",
Lenovo,2.492453793,16,256,15.76357632,3.511125161,"? 9,718.50",
HP,2.618006351,4,1000,11.9498234,4.635247589,"? 31,165.02",
Lenovo,3.001485833,16,1000,11.31071533,4.857550369,"? 32,210.84",
Acer,2.789198569,4,1000,14.34386345,4.263610748,"? 31,299.10",
Asus,3.798479933,16,1000,11.93621487,3.336358789,"? 32,190.57",
Acer,2.742408707,8,512,16.00754572,3.776664198,"? 17,224.94",
HP,3.980395037,8,256,13.15000794,4.102806095,"? 9,550.59",
Asus,3.628562394,4,256,16.47735467,2.582820713,"? 9,310.97",
Lenovo,2.021276286,32,512,14.39412903,3.341603097,"? 17,879.23",
Asus,3.826488037,16,1000,12.09603431,4.489463794,"? 32,503.39",
Dell,1.790915995,32,512,11.8375932,3.964176045,"? 17,848.65",
Asus,3.543624271,32,1000,14.45883463,3.233612202,"? 32,948.39",
Dell,2.451558234,32,512,15.57130167,3.990087602,"? 17,863.49",
Asus,3.694935801,8,256,15.68903389,2.354667236,"? 9,605.25",
Dell,3.670141725,4,256,12.65454443,3.204492832,"? 9,268.42",
HP,3.5148135,4,256,12.22548055,4.379385614,"? 9,320.05",
Acer,3.475076091,8,1000,11.10053783,2.661526361,"? 31,555.48",
Lenovo,2.261697848,8,1000,15.07519491,2.557884523,"? 31,775.10",
Asus,1.702298208,4,512,11.45940955,4.85245598,"? 16,213.28",
Acer,2.507450447,32,512,13.52456721,2.629692889,"? 18,187.25",
Lenovo,1.933811287,16,256,14.61009298,2.782755739,"? 9,654.23",
Lenovo,3.237377722,16,1000,16.62265367,4.908847817,"? 32,242.39",
Dell,2.365249316,16,512,12.87081282,4.204125711,"? 17,379.98",
HP,3.939025502,32,1000,12.49863297,4.098789599,"? 33,254.52",
HP,3.102430193,4,1000,14.92496093,4.558779152,"? 31,838.34",
Acer,3.556201409,8,256,14.71543419,2.347469247,"? 9,530.95",
HP,1.831311682,4,256,12.9926587,4.11786871,"? 8,771.37",
Asus,3.655036206,32,1000,16.56861101,3.511065828,"? 33,239.41",
HP,3.806892976,8,1000,16.06917396,4.487451921,"? 31,881.84",
Acer,2.717654797,32,1000,12.34389528,3.524425156,"? 33,108.09",
HP,3.015632344,16,1000,12.43485527,3.860724063,"? 31,992.82",
Asus,3.412024502,16,256,14.07380208,3.433226379,"? 9,737.95",
Dell,1.937096568,32,512,15.64143261,3.434476771,"? 18,154.66",
Acer,2.756415191,8,256,11.26424228,4.303909934,"? 8,965.45",
Dell,2.496657569,8,512,15.16001092,3.885699202,"? 16,930.19",
Dell,1.86593498,4,1000,14.88941538,3.899789605,"? 31,266.01",
Dell,2.418836056,16,512,12.38888058,3.350847451,"? 17,402.13",
Lenovo,1.670430773,4,256,15.08811808,3.593328489,"? 8,780.66",
Lenovo,1.564529767,4,256,16.64109915,4.237152999,"? 8,807.46",
Dell,1.837915723,32,1000,11.28071507,4.477822757,"? 32,879.80",
Acer,3.907787779,32,256,12.91791233,4.089684206,"? 10,776.33",
Asus,2.87382384,4,1000,13.6290603,4.772218967,"? 31,672.55",
Asus,3.914555403,16,256,16.39556215,4.460972264,"? 9,937.86",
HP,2.581244696,32,256,16.77356868,3.685591369,"? 10,583.97",
Acer,2.279540333,4,1000,13.66469148,4.014218218,"? 31,431.97",
Lenovo,2.765354657,4,512,15.50017047,4.778924831,"? 17,224.80",
Dell,2.598779222,4,256,14.18996614,3.857504133,"? 9,101.46",
HP,1.764161711,4,512,14.22669761,4.474420844,"? 16,619.37",
Asus,3.102065787,4,256,12.66859709,4.066431511,"? 9,432.75",
Lenovo,2.040095456,4,256,12.30173748,3.655809083,"? 8,921.53",
Lenovo,3.048969887,32,256,12.72803208,2.725514586,"? 10,674.03",
Dell,3.125502731,16,256,14.33796804,3.277992558,"? 10,061.27",
Asus,1.880062133,4,512,11.17493112,4.903228475,"? 16,495.31",
Acer,1.653374068,8,512,16.44349367,3.97329615,"? 16,947.90",
Lenovo,3.451903965,32,256,11.93770226,3.693186141,"? 11,021.31",
Dell,2.649501059,32,256,12.32053206,4.798869877,"? 10,692.59",
Acer,1.645409489,4,512,14.10965706,3.759535343,"? 16,690.67",
Asus,3.987165793,32,1000,15.2606886,3.578247555,"? 33,122.00",
Lenovo,1.644451402,4,1000,11.57437433,4.277932565,"? 31,096.73",
Acer,3.237588072,16,512,12.90616819,4.137996857,"? 17,326.62",
Acer,3.959197313,16,256,16.81204763,2.579480025,"? 10,384.21",
Acer,2.097950261,32,256,12.5740578,3.413924824,"? 10,680.03",
Lenovo,1.855623422,32,1000,12.87830087,3.417546328,"? 32,563.09",
Lenovo,1.803462349,8,1000,16.01899094,3.134673546,"? 31,617.26",
HP,2.258187869,32,512,11.30128659,3.551880446,"? 18,124.41",
Asus,1.752614528,8,1000,13.78767901,3.239322193,"? 31,730.77",
Dell,3.230403354,16,512,13.27770059,2.598036468,"? 17,622.21",
Acer,1.655729495,16,1000,12.89952056,3.237099462,"? 31,852.20",
HP,2.77355532,4,1000,12.71419756,2.216830843,"? 31,378.49",
Dell,3.991742135,16,1000,11.54824463,3.727357588,"? 32,360.21",
HP,3.534925674,8,256,12.88895498,4.560963647,"? 9,429.52",
Lenovo,3.038048596,32,256,11.25831442,4.175861253,"? 10,615.15",
Acer,2.265634052,4,256,15.68578318,3.08118212,"? 9,100.84",
Dell,3.059739591,8,1000,13.38936676,2.261213617,"? 31,682.62",
Dell,2.81760366,32,512,13.66342299,2.606448198,"? 18,076.18",
Dell,2.56520846,4,512,16.36156752,3.636471021,"? 16,966.75",
Dell,1.826775942,16,512,14.9483299,2.62117125,"? 17,306.62",
Dell,3.716510538,8,512,11.04835462,3.631919334,"? 17,545.43",
HP,2.624461622,32,256,16.65904894,2.694797074,"? 10,404.66",
Acer,1.98655628,4,256,12.4228668,4.546771608,"? 9,105.36",
Lenovo,2.419398377,4,1000,11.64568511,3.191814419,"? 31,368.35",
Lenovo,2.535324381,16,1000,15.60876907,2.736651878,"? 32,511.83",
Lenovo,3.568844739,32,512,14.0028639,4.436978541,"? 18,519.25",
Lenovo,3.334035951,16,256,13.6026234,3.028516894,"? 9,953.51",
HP,3.423262234,16,512,12.49701848,2.334463064,"? 17,555.23",
Asus,1.527578161,32,1000,14.28482894,3.711228474,"? 32,513.48",
Acer,2.540384995,32,1000,12.64630763,3.744692613,"? 32,885.83",
Dell,2.703360379,32,512,16.40949803,4.144087026,"? 18,010.96",
Asus,1.547980692,8,1000,12.29122688,2.7206583,"? 31,160.96",
Lenovo,2.149533022,32,512,16.3061309,3.331314017,"? 18,385.20",
Asus,3.400724558,4,256,14.35643255,2.847103757,"? 8,966.38",
Acer,1.842774264,16,512,15.9709288,2.242861208,"? 17,261.63",
Dell,2.838275329,8,256,15.27707598,4.629841481,"? 9,197.07",
Dell,2.03800468,32,256,15.18017067,4.186609413,"? 10,368.84",
Acer,1.530301937,8,1000,12.94607485,2.904389178,"? 31,472.85",
Acer,2.103003644,32,1000,12.40338159,3.798118979,"? 32,927.60",
Lenovo,3.939684387,8,1000,12.26531737,2.603791364,"? 32,150.73",
Dell,3.50384278,16,512,16.14314994,4.670709865,"? 17,453.13",
Asus,3.898941611,16,512,15.92256092,2.34471903,"? 17,641.60",
HP,2.71963511,4,1000,13.64344117,2.011511437,"? 32,307.19",
HP,1.774340497,4,512,11.79442768,3.506024593,"? 16,565.69",
Acer,2.869898722,32,1000,13.29351351,3.74938347,"? 32,725.91",
Lenovo,2.635943336,16,512,14.71606072,3.736895961,"? 17,300.98",
HP,3.610892707,8,256,13.72641893,2.163535782,"? 9,506.24",
Dell,1.745206452,8,256,15.68113561,2.942131421,"? 9,134.70",
Acer,2.720602843,8,1000,16.98573693,3.497596841,"? 31,701.99",
Asus,1.875121662,4,512,12.14679253,2.649737557,"? 16,647.18",
Acer,2.311689817,8,512,13.75790492,4.617877656,"? 16,945.64",
Asus,3.343392693,4,256,13.58590341,2.261327868,"? 9,106.69",
Acer,2.690045323,4,256,12.8269552,3.462153325,"? 9,213.79",
Acer,2.439720713,32,1000,12.1885731,4.074248173,"? 32,815.18",
Acer,2.486190696,8,256,11.3941527,2.7852533,"? 9,376.58",
Asus,2.648616921,8,1000,16.3227159,3.872722211,"? 31,374.56",
Asus,3.46254136,16,256,13.51909219,4.48815545,"? 9,929.38",
Acer,3.730211722,32,256,13.98137311,2.571010925,"? 10,382.84",
HP,3.888336716,16,512,16.50165229,4.751661775,"? 17,685.07",
Lenovo,3.467258466,32,256,15.65774287,3.660675598,"? 10,881.59",
Lenovo,2.288517239,8,256,11.78300758,2.897696013,"? 9,453.54",
Lenovo,3.220336765,4,1000,14.39251981,3.292574826,"? 31,665.88",
Asus,2.59400781,4,256,13.65351366,2.936575651,"? 9,277.58",
Asus,2.136676555,4,1000,15.78326644,4.17533348,"? 31,341.45",
HP,3.602178949,4,256,15.34539529,4.38890199,"? 9,261.62",
Lenovo,1.596065872,4,256,15.14243433,4.498812177,"? 9,495.63",
Lenovo,3.75440498,16,1000,13.04326901,4.957304749,"? 32,427.61",
Acer,2.653693662,32,512,15.82978238,4.373852877,"? 18,029.00",
Asus,3.093003692,8,1000,11.31434777,3.804152212,"? 31,359.91",
Lenovo,3.148384806,16,1000,11.95774941,3.017660895,"? 32,045.64",
HP,3.737794352,32,1000,13.01373964,3.633786346,"? 33,309.87",
HP,3.091674205,4,512,11.46084465,2.123204518,"? 16,896.07",
Lenovo,3.034833962,32,256,12.40996567,4.234475227,"? 10,148.02",
Asus,1.666630101,32,1000,15.9809059,3.337866635,"? 32,684.11",
HP,2.796020055,4,1000,16.68950923,2.060069689,"? 31,571.91",
Acer,1.875422502,4,512,12.82761413,2.187520825,"? 16,186.63",
HP,3.343584422,4,1000,12.58709482,3.162399391,"? 31,593.67",
Dell,2.780554802,8,256,12.67935591,3.750264557,"? 9,149.52",
Dell,3.200569448,4,512,12.66631452,3.392611847,"? 16,552.40",
Asus,1.604182252,8,256,11.21558109,3.857612952,"? 9,407.47",
Lenovo,1.71198004,4,256,16.56149808,3.440882776,"? 8,807.70",
